{
  "accuracy": 0.771,
  "precision": 0.7003012048192772,
  "recall": 0.9393939393939394,
  "f1": 0.8024158757549612,
  "auc": 0.8803280328032802,
  "loss": 0.34765128409862517
}