{
  "accuracy": 0.85,
  "precision": 0.7997220447284346,
  "recall": 0.9541984732824428,
  "f1": 0.8695652173913043,
  "auc": 0.9464686638013984,
  "loss": 0.26092418490184677
}