{
  "accuracy": 0.5,
  "precision": 1.0,
  "recall": 0.10714285714285714,
  "f1": 0.1935483870967742,
  "auc": 0.9496753246753247,
  "loss": 1.4125756876809257
}