{
  "accuracy": 0.8,
  "precision": 0.8461538461538461,
  "recall": 0.7857142857142857,
  "f1": 0.8148148148148148,
  "auc": 0.8977272727272727,
  "loss": 0.6099506414362362
}