{
  "epoch": 3,
  "train_accuracy": 0.899,
  "train_loss": 0.22440262339615766,
  "train_f1": 0.9007858546168959,
  "val_accuracy": 0.85,
  "val_loss": 0.26092418490184677,
  "val_f1": 0.8695652173913043,
  "f1": 0.8695652173913043,
  "accuracy": 0.85,
  "loss": 0.26092418490184677,
  "auc": 0.9464686638013984
}