{
  "epoch": 6,
  "train_accuracy": 0.85325,
  "train_loss": 0.2806919999042875,
  "train_f1": 0.8541614906832298,
  "val_accuracy": 0.866,
  "val_loss": 0.3194748607523266,
  "val_f1": 0.8809946714031972,
  "f1": 0.8809946714031972,
  "accuracy": 0.866,
  "loss": 0.3194748607523266,
  "auc": 0.9361248316120342
}