{
  "epoch": 7,
  "train_accuracy": 0.91825,
  "train_loss": 0.19397787605854955,
  "train_f1": 0.9171102661596958,
  "val_accuracy": 0.898,
  "val_loss": 0.4091595841591553,
  "val_f1": 0.9005847953216374,
  "f1": 0.9005847953216374,
  "accuracy": 0.898,
  "loss": 0.4091595841591553,
  "auc": 0.9413528770286741
}