{
  "epoch": 4,
  "train_accuracy": 0.924,
  "train_loss": 0.13749520613789445,
  "train_f1": 0.9267469879518072,
  "val_accuracy": 0.848,
  "val_loss": 0.6816213742260717,
  "val_f1": 0.8376068376068376,
  "f1": 0.8376068376068376,
  "accuracy": 0.848,
  "loss": 0.6816213742260717,
  "auc": 0.9459715183783437
}