{
  "epoch": 2,
  "train_accuracy": 0.84775,
  "train_loss": 0.3151515794831794,
  "train_f1": 0.8546192408689425,
  "val_accuracy": 0.714,
  "val_loss": 0.5143495545073945,
  "val_f1": 0.7843137254901961,
  "f1": 0.7843137254901961,
  "accuracy": 0.714,
  "loss": 0.5143495545073945,
  "auc": 0.9393482583873244
}