{
  "epoch": 1,
  "train_accuracy": 0.647,
  "train_loss": 0.6778405480533838,
  "train_f1": 0.6366443643849717,
  "val_accuracy": 0.816,
  "val_loss": 0.4057841083729669,
  "val_f1": 0.8451178451178452,
  "f1": 0.8451178451178452,
  "accuracy": 0.816,
  "loss": 0.4057841083729669,
  "auc": 0.9272497156314583
}