{
  "epoch": 5,
  "train_accuracy": 0.907,
  "train_loss": 0.15249932394710095,
  "train_f1": 0.9090464547677262,
  "val_accuracy": 0.884,
  "val_loss": 0.2839987600547454,
  "val_f1": 0.8913857677902621,
  "f1": 0.8913857677902621,
  "accuracy": 0.884,
  "loss": 0.2839987600547454,
  "auc": 0.9461479248187825
}