{
  "accuracy": 0.4625,
  "precision": 0.4625,
  "recall": 1.0,
  "f1": 0.6324786324786325,
  "auc": 0.5,
  "loss": 0.6965576171875
}